{
    "LArC": {
        "upp_68": [
            1.6589911869491845, 
            0.30000000000000004, 
            0.30000000000000004, 
            0.38201762610163137, 
            0.4, 
            0.44100881305081574, 
            0.3410088130508157, 
            0.41293830864429026, 
            0.4, 
            1.5000000000000002, 
            0.1410088130508157, 
            0.5, 
            0.3410088130508157, 
            1.3000000000000003, 
            0.0, 
            0.7820176261016314, 
            0.4230264391524471, 
            0.2, 
            0.176973560847553, 
            0.08359647477967375, 
            0.08201762610163137, 
            0.0676973560847553, 
            0.4, 
            0.6410088130508157, 
            0.6000000000000001, 
            0.0
        ], 
        "mode": [
            60.62807050440653, 
            1.376973560847553, 
            0.7, 
            0.8640352522032627, 
            1.623026439152447, 
            0.8640352522032627, 
            0.5230264391524471, 
            1.4640352522032627, 
            0.5410088130508157, 
            3.005044065254079, 
            0.8, 
            2.030920682542659, 
            0.476973560847553, 
            2.7381586349146825, 
            2.843202700168761, 
            3.0309206825426593, 
            4.21293830864429, 
            0.6179823738983686, 
            0.7820176261016314, 
            0.11359647477967375, 
            0.4589911869491844, 
            0.07949559347459217, 
            0.9, 
            3.4539471216951063, 
            2.4100881305081567, 
            0.5
        ], 
        "low_68": [
            1.38706169135571, 
            0.30000000000000004, 
            0.3410088130508157, 
            0.3410088130508157, 
            0.4820176261016314, 
            0.30000000000000004, 
            0.30000000000000004, 
            0.5309206825426589, 
            0.3410088130508157, 
            2.0050440652540784, 
            0.2, 
            0.5, 
            0.3179823738983687, 
            1.1820176261016315, 
            0.0, 
            0.8589911869491844, 
            0.6589911869491843, 
            0.2, 
            0.23596474779673732, 
            0.07640352522032627, 
            0.12302643915244703, 
            0.058201762610163146, 
            0.3410088130508157, 
            0.5589911869491844, 
            0.4820176261016314, 
            0.0
        ]
    }, 
    "raw": {
        "upp_68": [
            1.8460528783048944, 
            1.2820176261016314, 
            0.5410088130508157, 
            0.6179823738983686, 
            0.7820176261016314, 
            0.6410088130508157, 
            0.28706169135570975, 
            1.241008813050816, 
            0.41293830864429026, 
            2.3460528783048944, 
            0.2, 
            0.8359647477967374, 
            0.23596474779673732, 
            1.6820176261016313, 
            0.0, 
            1.4179823738983686, 
            0.9820176261016315, 
            0.2, 
            0.4589911869491844, 
            0.1, 
            0.2050440652540784, 
            0.26403525220326274, 
            0.6000000000000001, 
            0.8, 
            0.9410088130508156, 
            0.24605287830489406
        ], 
        "mode": [
            76.14890305644103, 
            47.33157697356085, 
            1.1690793174573413, 
            1.1949559347459215, 
            2.9179823738983686, 
            1.2489030564410275, 
            1.010088130508157, 
            2.4870616913557098, 
            1.6640352522032626, 
            12.051753234577163, 
            0.8589911869491844, 
            2.061841365085318, 
            0.823026439152447, 
            7.423026439152447, 
            4.4741233827114195, 
            9.364691543221452, 
            4.9, 
            1.1769735608475531, 
            1.0129383086442905, 
            0.4179823738983687, 
            0.7640352522032627, 
            0.2410088130508157, 
            0.8949559347459217, 
            2.8050440652540787, 
            5.371929495593475, 
            0.6000000000000001
        ], 
        "low_68": [
            1.6, 
            1.4820176261016313, 
            0.44100881305081574, 
            0.5410088130508157, 
            0.7, 
            0.6179823738983686, 
            0.28706169135570975, 
            1.241008813050816, 
            0.41293830864429026, 
            2.8820176261016313, 
            0.1410088130508157, 
            0.623026439152447, 
            0.353947121695106, 
            1.7230264391524472, 
            0.0, 
            1.241008813050816, 
            0.7410088130508157, 
            0.2589911869491843, 
            0.5, 
            0.1, 
            0.16403525220326273, 
            0.22302643915244708, 
            0.5, 
            0.7820176261016314, 
            0.8410088130508157, 
            0.16403525220326273
        ]
    }, 
    "LArAC": {
        "upp_68": [
            0.7820176261016314, 
            1.4230264391524474, 
            0.16403525220326273, 
            0.23596474779673732, 
            0.6589911869491843, 
            0.353947121695106, 
            0.24605287830489406, 
            0.8460528783048942, 
            0.353947121695106, 
            1.5820176261016314, 
            0.0, 
            0.23596474779673732, 
            0.0, 
            1.3589911869491842, 
            0.707894243390212, 
            1.076973560847553, 
            0.28706169135570975, 
            0.1410088130508157, 
            0.23596474779673732, 
            0.1, 
            0.16403525220326273, 
            0.098706169135571, 
            0.0, 
            0.0, 
            0.6000000000000001, 
            0.24605287830489406
        ], 
        "mode": [
            15.525876617288583, 
            45.81359459966248, 
            0.8050440652540786, 
            0.7359647477967374, 
            1.3589911869491842, 
            0.8589911869491844, 
            0.6690793174573412, 
            1.6971498218638668, 
            1.1230264391524472, 
            8.285524095255953, 
            0.1, 
            0.6179823738983686, 
            0.7949559347459217, 
            4.5258766172885805, 
            2.0719294955934746, 
            6.351753234577162, 
            1.1589911869491845, 
            0.6000000000000001, 
            0.6589911869491843, 
            0.3179823738983687, 
            0.5230264391524471, 
            0.15151321957622352, 
            0.8179823738983686, 
            0.7280705044065254, 
            2.9848678042377648, 
            0.5640352522032628
        ], 
        "low_68": [
            0.8, 
            1.241008813050816, 
            0.16403525220326273, 
            0.29495593474592163, 
            0.5410088130508157, 
            0.29495593474592163, 
            0.2050440652540784, 
            0.8589911869491844, 
            0.353947121695106, 
            1.4769735608475532, 
            0.0, 
            0.29495593474592163, 
            0.0, 
            0.9820176261016315, 
            0.8258766172885805, 
            0.8410088130508157, 
            0.24605287830489406, 
            0.2, 
            0.23596474779673732, 
            0.1, 
            0.12302643915244703, 
            0.06230264391524471, 
            0.0, 
            0.0, 
            0.7, 
            0.16403525220326273
        ]
    }, 
    "energy": [
        1525, 
        1461, 
        1333, 
        1173, 
        911, 
        969, 
        965, 
        338, 
        727, 
        239, 
        2615, 
        583, 
        861, 
        295, 
        242, 
        352, 
        609, 
        1765, 
        1238, 
        2204, 
        1378, 
        2448, 
        1120, 
        511, 
        514, 
        1125
    ],