{
    "LArC": {
        "upp_68": [
            2.420612147297944, 
            0.3315160210425634, 
            0.46303204208512677, 
            0.34241989478718315, 
            0.5, 
            0.4, 
            0.1890961262553802, 
            0.0, 
            0.46303204208512677, 
            0.0, 
            0.2630320420851267, 
            0.6260640841702535, 
            0.20545193687230992, 
            0.0, 
            0.0, 
            0.9260640841702535, 
            0.6260640841702535, 
            0.23151602104256339, 
            0.20545193687230992, 
            0.12890961262553802, 
            0.20545193687230992, 
            0.0, 
            0.43151602104256337, 
            0.7575801052128169, 
            0.6575801052128168, 
            0.20545193687230992
        ], 
        "mode": [
            83.22539454806312, 
            0.8999999999999999, 
            1.547871831659493, 
            1.5739359158297466, 
            0.9630320420851267, 
            0.6260640841702535, 
            0.4684839789574366, 
            1.4424198947871831, 
            0.6890961262553802, 
            2.149736967957915, 
            1.10545193687231, 
            2.298804399808704, 
            0.6575801052128168, 
            3.0042563366810136, 
            2.1921568627450982, 
            1.3727403156384506, 
            3.8739359158297466, 
            0.9315160210425635, 
            0.6684839789574365, 
            0.18151602104256337, 
            0.5, 
            0.13151602104256335, 
            1.2206121472979437, 
            4.232711621233859, 
            0.9672883787661407, 
            0.8945480631276902
        ], 
        "low_68": [
            1.5521281683405068, 
            0.3315160210425634, 
            0.43151602104256337, 
            0.2739359158297466, 
            0.3945480631276901, 
            0.3945480631276901, 
            0.0945480631276901, 
            0.0, 
            0.3945480631276901, 
            0.0, 
            0.2, 
            0.4945480631276902, 
            0.2739359158297466, 
            0.0, 
            0.0, 
            0.9206121472979436, 
            0.6684839789574365, 
            0.23151602104256339, 
            0.34241989478718315, 
            0.09206121472979437, 
            0.20545193687230992, 
            0.0, 
            0.4945480631276902, 
            0.8, 
            0.5260640841702534, 
            0.2739359158297466
        ]
    }, 
    "raw": {
        "upp_68": [
            2.0466762314681968, 
            1.7466762314681967, 
            0.6945480631276901, 
            0.41090387374461984, 
            0.8575801052128168, 
            0.41090387374461984, 
            0.41090387374461984, 
            0.8218077474892397, 
            0.8890961262553803, 
            2.557580105212817, 
            0.3, 
            1.1575801052128167, 
            0.0, 
            2.6042563366810136, 
            0.0, 
            2.0521281683405066, 
            1.0630320420851267, 
            0.2630320420851267, 
            0.0, 
            0.16303204208512673, 
            0.0, 
            0.06848397895743664, 
            0.7, 
            1.1630320420851268, 
            1.0521281683405068, 
            0.41090387374461984
        ], 
        "mode": [
            105.50836920133908, 
            56.505978000956475, 
            2.031516021042563, 
            2.1684839789574366, 
            0.7630320420851266, 
            1.4151602104256338, 
            0.9097082735533237, 
            2.861836441893831, 
            1.398804399808704, 
            3.957580105212817, 
            1.1000000000000003, 
            2.861836441893831, 
            1.4, 
            4.3509325681492115, 
            6.450932568149211, 
            7.050932568149211, 
            4.001195600191296, 
            1.7999999999999998, 
            1.2945480631276902, 
            0.3684839789574366, 
            0.8315160210425634, 
            0.1842419894787183, 
            1.9848397895743664, 
            3.813295074127212, 
            5.290291726446676, 
            1.3163558106169297
        ], 
        "low_68": [
            2.426064084170253, 
            1.8315160210425632, 
            0.6630320420851268, 
            0.5478718316594932, 
            0.5630320420851267, 
            0.47938785270205636, 
            0.34241989478718315, 
            1.1642276422764228, 
            0.7890961262553802, 
            3.146676231468197, 
            0.23151602104256339, 
            0.7890961262553802, 
            0.0, 
            2.457580105212817, 
            0.0, 
            2.0466762314681968, 
            0.9945480631276901, 
            0.3315160210425634, 
            0.0, 
            0.1, 
            0.0, 
            0.06848397895743664, 
            0.6945480631276901, 
            1.257580105212817, 
            1.4, 
            0.47938785270205636
        ]
    }, 
    "LArAC": {
        "upp_68": [
            1.0575801052128166, 
            1.852128168340507, 
            0.5260640841702534, 
            0.0, 
            0.0, 
            0.34241989478718315, 
            0.34241989478718315, 
            1.6575801052128167, 
            0.25212816834050694, 
            2.3836441893830704, 
            0.0, 
            0.31516021042563364, 
            0.0, 
            2.146676231468197, 
            0.0, 
            1.8315160210425632, 
            0.41090387374461984, 
            0.23151602104256339, 
            0.0, 
            0.11260640841702536, 
            0.0, 
            0.054787183165949306, 
            0.41090387374461984, 
            0.7315160210425633, 
            1.0260640841702533, 
            0.41090387374461984
        ], 
        "mode": [
            21.230846484935437, 
            55.726590148254424, 
            0.7412242945958871, 
            1.257580105212817, 
            1.3151602104256337, 
            0.7151602104256337, 
            0.9260640841702535, 
            1.7945480631276902, 
            1.49454806312769, 
            3.1194165471066477, 
            0.23151602104256339, 
            1.3793878527020567, 
            1.0315160210425636, 
            3.7618364418938306, 
            3.101865136298422, 
            5.4879005260640845, 
            0.8999999999999999, 
            0.8369679579148731, 
            0.8836441893830703, 
            0.15848397895743666, 
            0.5206121472979435, 
            0.13424198947871832, 
            1.142419894787183, 
            0.8315160210425634, 
            3.7066475370636067, 
            0.79454806312769
        ], 
        "low_68": [
            1.1630320420851268, 
            1.59454806312769, 
            0.5151602104256336, 
            0.0, 
            0.0, 
            0.20545193687230992, 
            0.41090387374461984, 
            1.2945480631276902, 
            0.3781922525107604, 
            1.941224294595887, 
            0.0, 
            0.25212816834050694, 
            0.0, 
            1.9260640841702534, 
            0.0, 
            1.5727403156384505, 
            0.41090387374461984, 
            0.23151602104256339, 
            0.0, 
            0.08369679579148732, 
            0.0, 
            0.047938785270205654, 
            0.34241989478718315, 
            0.6630320420851268, 
            0.79454806312769, 
            0.2739359158297466
        ]
    }, 
    "energy": [
        1525, 
        1461, 
        1333, 
        1173, 
        911, 
        969, 
        965, 
        338, 
        727, 
        239, 
        2615, 
        583, 
        861, 
        295, 
        242, 
        352, 
        609, 
        1765, 
        1238, 
        2204, 
        1378, 
        2448, 
        1120, 
        511, 
        514, 
        1125
    ],