{
    "p03": {
        "r000": {
            "V02160A": 0.02462408041603247,
            "V02160B": 0.024187882420091324,
            "V05261B": 0.03367167110603754,
            "V05266A": 0.029168982115677318,
            "V05266B": 0.027972955352612884,
            "V05612A": 0.03097005771182141,
            "V07647A": 0.026636219558599693,
            "V07647B": 0.025032136605783864,
            "B00035C": 0.008920952562151191,
            "V00074A": 0.029168982115677318,
            "B00032B": 0.010074766615930998,
            "B00091C": 0.008822456240487062,
            "B00000B": 0.00980741945712836,
            "B00000C": 0.011467786022323692,
            "B00061A": 0.010285830162354135,
            "B00061C": 0.008920952562151191,
            "B00076C": 0.011594424150177574,
            "B00079B": 0.010356184677828513,
            "B00079C": 0.011425573313039067,
            "V08682B": 0.02134555999492643,
            "V08682A": 0.04699681633688482,
            "V09372A": 0.056930873921867076,
            "V09374A": 0.03725975139523085,
            "V09724A": 0.03718939687975646,
            "V02162B": 0.03489583967529173,
            "V04199A": 0.04202978754439371,
            "V04545A": 0.04415449391171993,
            "V05267B": 0.0332354731100964,
            "V07646A": 0.03700647513952308,
            "V07302B": 0.02240087772704211,
            "B00089C": 0.008372187341451039,
            "V00048B": 0.02554994583967529,
            "V00050A": 0.02646877581177067,
            "V00050B": 0.027138550799086756,
            "V05261A": 0.025285412861491625,
            "V05268A": 0.03233493531202435,
            "V07302A": 0.02536983828006088,
            "B00002A": 0.007668642186707255,
            "B00089A": 0.0073731532217148656,
            "B00091A": 0.008822456240487062,
            "B00000D": 0.011439644216133941,
            "B00002C": 0.01108787163876205,
            "B00032C": 0.010454680999492642,
            "B00032D": 0.010131050228310502,
            "B00035A": 0.010806453576864536,
            "B00035B": 0.011397431506849316,
            "B00061B": 0.010567248224251648,
            "V00048A": 0.027000655948756974,
            "V05267A": 0.030716781456113642,
            "B00000A": 0.0069791679350583455,
            "B00002B": 0.008794314434297311,
            "B00032A": 0.00644447361745307
        },
        "r001": {
            "V02160A": 0.030562848807711825,
            "V02160B": 0.0300214497716895,
            "V05261B": 0.041792512683916795,
            "V05266A": 0.036203877473363774,
            "V05266B": 0.034719396245560634,
            "V05612A": 0.038439331557584985,
            "V07647A": 0.033060270167427706,
            "V07647B": 0.03106931887366819,
            "B00035C": 0.01107248351090817,
            "V00074A": 0.036203877473363774,
            "B00032B": 0.01250457128361238,
            "B00091C": 0.010950232115677321,
            "B00000B": 0.012172746067985794,
            "B00000C": 0.01423355530187722,
            "B00061A": 0.012766538559107053,
            "B00061C": 0.01107248351090817,
            "B00076C": 0.014390735667174023,
            "B00079B": 0.012853860984271943,
            "B00079C": 0.014181161846778288,
            "V08682B": 0.026493623795027905,
            "V08682A": 0.058331380010147135,
            "V09372A": 0.07066130644342974,
            "V09374A": 0.04624595636732624,
            "V09724A": 0.04615863394216134,
            "V02162B": 0.0433119228817859,
            "V04199A": 0.05216641679350584,
            "V04545A": 0.05480355403348554,
            "V05267B": 0.04125111364789447,
            "V07646A": 0.045931595636732624,
            "V07302B": 0.027803460172501272,
            "B00089C": 0.01039136859462202,
            "V00048B": 0.03171201192288178,
            "V00050A": 0.032852442795535265,
            "V00050B": 0.03368375228310502,
            "V05261A": 0.0313836796042618,
            "V05268A": 0.04013338660578387,
            "V07302A": 0.03148846651445967,
            "B00002A": 0.009518144342973111,
            "B00089A": 0.00915139015728057,
            "B00091A": 0.010950232115677321,
            "B00000D": 0.014198626331811263,
            "B00002C": 0.01376201420598681,
            "B00032C": 0.012976112379502792,
            "B00032D": 0.012574429223744292,
            "B00035A": 0.013412724505327246,
            "B00035B": 0.014146232876712331,
            "B00061B": 0.013115828259766616,
            "V00048A": 0.03351260032978184,
            "V05267A": 0.03812497082699137,
            "B00000A": 0.00866238457635718,
            "B00002B": 0.010915303145611364,
            "B00032A": 0.007998734145104009
        }
    },
    "p04": {
        "r000": {
            "V02160A": 0.030161085743277524,
            "V02160B": 0.029626803652968037,
            "V05261B": 0.04124313039066463,
            "V05266A": 0.0357279604261796,
            "V05266B": 0.034262993404363264,
            "V05612A": 0.037934028411973617,
            "V07647A": 0.032625677321156774,
            "V07647B": 0.030660898021308978,
            "B00035C": 0.01092693049213597,
            "V00074A": 0.0357279604261796,
            "B00032B": 0.01234019279553526,
            "B00091C": 0.010806286149162861,
            "B00000B": 0.01201272957889396,
            "B00000C": 0.014046448503297816,
            "B00061A": 0.012598716387620496,
            "B00061C": 0.01092693049213597,
            "B00076C": 0.01420156265854896,
            "B00079B": 0.012684890918315575,
            "B00079C": 0.013994743784880772,
            "V08682B": 0.026145352612886856,
            "V08682A": 0.05756458650431252,
            "V09372A": 0.06973243023845764,
            "V09374A": 0.04563803145611365,
            "V09724A": 0.04555185692541856,
            "V02162B": 0.042742567224759005,
            "V04199A": 0.05148066463723998,
            "V04545A": 0.05408313546423135,
            "V05267B": 0.04070884830035515,
            "V07646A": 0.04532780314561136,
            "V07302B": 0.02743797057331304,
            "B00089C": 0.010254769152714357,
            "V00048B": 0.03129514256722476,
            "V00050A": 0.03242058193810248,
            "V00050B": 0.033240963470319636,
            "V05261A": 0.03097112633181126,
            "V05268A": 0.039605814307458145,
            "V07302A": 0.031074535768645356,
            "B00002A": 0.009393023845763572,
            "B00089A": 0.009031090816844242,
            "B00091A": 0.010806286149162861,
            "B00000D": 0.014011978691019786,
            "B00002C": 0.013581106037544394,
            "B00032C": 0.012805535261288685,
            "B00032D": 0.012409132420091323,
            "B00035A": 0.013236407914764079,
            "B00035B": 0.01396027397260274,
            "B00061B": 0.01294341451040081,
            "V00048A": 0.03307206139015728,
            "V05267A": 0.03762380010147133,
            "B00000A": 0.0085485134449518,
            "B00002B": 0.010771816336884829,
            "B00032A": 0.007893587011669203
        }
    }
}