{
    "LArC": {
        "upp_68": [
            1.65, 
            0.3, 
            0.3, 
            0.4, 
            0.4, 
            0.45, 
            0.35, 
            0.35, 
            0.4, 
            1.5, 
            0.15000000000000002, 
            0.5, 
            0.35, 
            1.3, 
            0.0, 
            0.8, 
            0.44999999999999996, 
            0.2, 
            0.15, 
            0.08, 
            0.1, 
            0.065, 
            0.4, 
            0.6499999999999999, 
            0.6, 
            0.0
        ], 
        "mode": [
            60.7, 
            1.35, 
            0.7, 
            0.9, 
            1.65, 
            0.9, 
            0.55, 
            1.5, 
            0.55, 
            3.05, 
            0.8, 
            1.95, 
            0.44999999999999996, 
            2.9, 
            3.05, 
            2.95, 
            4.15, 
            0.6, 
            0.8, 
            0.11, 
            0.45, 
            0.07500000000000001, 
            0.9, 
            3.4000000000000004, 
            2.5, 
            0.5
        ], 
        "low_68": [
            1.4500000000000002, 
            0.3, 
            0.35, 
            0.35, 
            0.5, 
            0.3, 
            0.3, 
            0.45, 
            0.35, 
            2.05, 
            0.2, 
            0.5, 
            0.30000000000000004, 
            1.2000000000000002, 
            0.0, 
            0.8500000000000001, 
            0.6499999999999999, 
            0.2, 
            0.2, 
            0.08, 
            0.15, 
            0.060000000000000005, 
            0.35, 
            0.55, 
            0.5, 
            0.0
        ]
    }, 
    "raw": {
        "upp_68": [
            1.9000000000000001, 
            1.2999999999999998, 
            0.55, 
            0.6, 
            0.8, 
            0.6499999999999999, 
            0.35, 
            1.25, 
            0.35, 
            2.4000000000000004, 
            0.2, 
            0.8, 
            0.2, 
            1.7000000000000002, 
            0.0, 
            1.4, 
            1.0, 
            0.2, 
            0.45, 
            0.1, 
            0.25, 
            0.3, 
            0.6, 
            0.8, 
            0.95, 
            0.3
        ], 
        "mode": [
            76.05, 
            46.9, 
            1.25, 
            1.15, 
            2.9, 
            1.15, 
            1.1, 
            2.55, 
            1.7, 
            11.8, 
            0.8500000000000001, 
            1.9, 
            0.85, 
            7.449999999999999, 
            4.6, 
            9.05, 
            4.9, 
            1.15, 
            0.95, 
            0.4, 
            0.8, 
            0.25, 
            0.8500000000000001, 
            2.85, 
            5.300000000000001, 
            0.6
        ], 
        "low_68": [
            1.6, 
            1.5, 
            0.45, 
            0.55, 
            0.7, 
            0.6, 
            0.35, 
            1.25, 
            0.35, 
            2.9, 
            0.15000000000000002, 
            0.65, 
            0.3, 
            1.75, 
            0.0, 
            1.25, 
            0.75, 
            0.25, 
            0.5, 
            0.1, 
            0.2, 
            0.25, 
            0.5, 
            0.8, 
            0.8500000000000001, 
            0.2
        ]
    }, 
    "LArAC": {
        "upp_68": [
            0.8, 
            1.4500000000000002, 
            0.2, 
            0.2, 
            0.6499999999999999, 
            0.3, 
            0.3, 
            0.8999999999999999, 
            0.3, 
            1.6, 
            0.0, 
            0.2, 
            0.0, 
            1.35, 
            0.6, 
            1.05, 
            0.35, 
            0.15000000000000002, 
            0.2, 
            0.1, 
            0.2, 
            0.10500000000000001, 
            0.0, 
            0.0, 
            0.6, 
            0.3
        ], 
        "mode": [
            15.4, 
            45.400000000000006, 
            0.8500000000000001, 
            0.7, 
            1.35, 
            0.8500000000000001, 
            0.75, 
            1.85, 
            1.15, 
            7.8, 
            0.1, 
            0.6, 
            0.75, 
            4.4, 
            2.0, 
            6.1, 
            1.15, 
            0.6, 
            0.6499999999999999, 
            0.30000000000000004, 
            0.55, 
            0.16499999999999998, 
            0.8, 
            0.8, 
            2.85, 
            0.6000000000000001
        ], 
        "low_68": [
            0.8, 
            1.25, 
            0.2, 
            0.25, 
            0.55, 
            0.25, 
            0.25, 
            0.8500000000000001, 
            0.3, 
            1.4500000000000002, 
            0.0, 
            0.25, 
            0.0, 
            1.0, 
            0.7, 
            0.8500000000000001, 
            0.3, 
            0.2, 
            0.2, 
            0.1, 
            0.15, 
            0.065, 
            0.0, 
            0.0, 
            0.7, 
            0.2
        ]
    }, 
    "energy": [
        1525, 
        1461, 
        1333, 
        1173, 
        911, 
        969, 
        965, 
        338, 
        727, 
        239, 
        2615, 
        583, 
        861, 
        295, 
        242, 
        352, 
        609, 
        1765, 
        1238, 
        2204, 
        1378, 
        2448, 
        1120, 
        511, 
        514, 
        1125
    ], 
    "isotope": [
        "42K", 
        "40K", 
        "60Co", 
        "60Co", 
        "228Ac", 
        "228Ac", 
        "228Ac", 
        "228Ac", 
        "212Bi", 
        "212Pb", 
        "208Tl", 
        "208Tl", 
        "208Tl", 
        "214Pb", 
        "214Pb", 
        "214Pb", 
        "214Bi", 
        "214Bi", 
        "214Bi", 
        "214Bi", 
        "214Bi", 
        "214Bi", 
        "214Bi", 
        "e+e-", 
        "85Kr", 
        "65Zn"
    ]
}