{
    "LArC": {
        "upp_68": [
            1.9407144011637305, 
            0.3690156780345887, 
            0.3414094068207532, 
            0.32928721512849524, 
            0.4414094068207532, 
            0.4767577177953774, 
            0.3767577177953774, 
            0.3559398739292064, 
            0.4276062712138355, 
            1.5828188136415065, 
            0.19056085340229514, 
            0.5276062712138355, 
            0.29393890415387103, 
            1.1205592371100697, 
            0.34507839017294323, 
            0.8673185711976725, 
            0.5302731533861322, 
            0.2414094068207532, 
            0.1525456602553742, 
            0.1134669468239858, 
            0.13971229998383708, 
            0.05835299822207855, 
            0.45521254242767095, 
            0.7181671246161306, 
            0.6828188136415064, 
            0.0966219492484241
        ], 
        "mode": [
            66.33869403588169, 
            1.5457895587522223, 
            0.7, 
            0.8966057863261678, 
            1.6612574753515437, 
            0.8689995151123323, 
            0.5750606109584613, 
            1.4689995151123323, 
            0.5215451753677065, 
            2.949135283659286, 
            0.9242282204622596, 
            1.985243251979958, 
            0.5905770163245515, 
            2.843316631647002, 
            3.2651365766930662, 
            2.9162275739453696, 
            4.1421367383222885, 
            0.7397284629060934, 
            0.839712299983837, 
            0.23594795539033456, 
            0.46465168902537585, 
            0.09612898011960563, 
            1.0380313560691774, 
            3.63974462582835, 
            2.4501050589946662, 
            0.5276062712138355
        ], 
        "low_68": [
            1.637304024567642, 
            0.32760627121383545, 
            0.36295458218845966, 
            0.29393890415387103, 
            0.5121060287700017, 
            0.31380313560691775, 
            0.3414094068207532, 
            0.4576369807661225, 
            0.34915144658154196, 
            2.0457572329077096, 
            0.22760627121383548, 
            0.5414094068207532, 
            0.2740908356230807, 
            1.0188621302731535, 
            0.2898658477452723, 
            0.8922579602392113, 
            0.6646516890253759, 
            0.22760627121383548, 
            0.20339421367383226, 
            0.12106998545336999, 
            0.16125747535154358, 
            0.05016809439146598, 
            0.3905608534022951, 
            0.6198642314530467, 
            0.5121060287700017, 
            0.06901567803458865
        ]
    }, 
    "raw": {
        "upp_68": [
            2.198577662841442, 
            1.698593825763698, 
            0.4663326329400356, 
            0.5326814288023275, 
            0.8259091643769193, 
            0.7181671246161306, 
            0.2474381768223695, 
            1.359576531436884, 
            0.5077743656053014, 
            2.5881525779861003, 
            0.2414094068207532, 
            0.8862130273153386, 
            0.20339421367383226, 
            1.9329561984806853, 
            0.5245191530628738, 
            1.5397284629060934, 
            1.0535154355907548, 
            0.2414094068207532, 
            0.49225796023921126, 
            0.15521254242767094, 
            0.2871666397284629, 
            0.22759010829157914, 
            0.7104250848553418, 
            0.9380313560691773, 
            1.0043639890092129, 
            0.432940035558429
        ], 
        "mode": [
            82.32595765314369, 
            54.58766769031841, 
            1.2837724260546308, 
            1.1956521739130435, 
            2.9155002424438337, 
            1.4768062065621466, 
            1.1881364150638436, 
            2.5026507192500405, 
            1.6413932438984968, 
            12.293066106352029, 
            0.9888799094876355, 
            1.9980927751737514, 
            1.0683045094553094, 
            7.143785356392436, 
            4.960804913528366, 
            9.27294326814288, 
            4.9, 
            1.35959269435914, 
            0.9973492807499597, 
            0.5259253272991757, 
            0.8242120575400033, 
            0.23534831097462425, 
            1.2959431065136577, 
            3.259851301115242, 
            5.3343946985615, 
            1.9665104250848553
        ], 
        "low_68": [
            1.8346533053176013, 
            1.650137384839179, 
            0.38013576854695336, 
            0.4663326329400356, 
            0.796621949248424, 
            0.6983190560853403, 
            0.2474381768223695, 
            1.3043639890092131, 
            0.5077743656053014, 
            2.98112170680459, 
            0.17675771779537744, 
            0.688863746565379, 
            0.3050913205107484, 
            1.7336512041377083, 
            0.5521254242767092, 
            1.3043639890092131, 
            0.7905608534022952, 
            0.306061095846129, 
            0.5414094068207532, 
            0.12760627121383547, 
            0.25181832875383875, 
            0.19224179731695495, 
            0.6104250848553419, 
            0.8811217068045903, 
            0.9319702602230484, 
            0.3484402780022628
        ]
    }, 
    "LArAC": {
        "upp_68": [
            0.9225311136253435, 
            1.7373201874898985, 
            0.14139324389849686, 
            0.20339421367383226, 
            0.5680297397769517, 
            0.44312267657992566, 
            0.21208986584774528, 
            0.9501212219169227, 
            0.44312267657992566, 
            1.694924842411508, 
            0.01380313560691773, 
            0.20339421367383226, 
            0.0, 
            1.4750767738807176, 
            0.6101826410214968, 
            1.162970745110716, 
            0.38546953289154673, 
            0.17675771779537744, 
            0.30001616292225636, 
            0.11380313560691774, 
            0.22421205754000323, 
            0.08508162275739456, 
            0.15183449167609506, 
            0.15183449167609506, 
            0.6966219492484241, 
            0.39153062873767575
        ], 
        "mode": [
            16.019217714562796, 
            53.00315176983999, 
            0.8457572329077099, 
            0.7586067561015032, 
            1.4888799094876353, 
            0.9888799094876355, 
            0.7975755616615485, 
            2.056424761596897, 
            1.1060449329238728, 
            8.798238241474058, 
            0.1, 
            0.7949410053337643, 
            0.975092936802974, 
            4.701745595603685, 
            2.3242605463067725, 
            6.427428479069016, 
            1.1922579602392114, 
            0.6276062712138355, 
            0.6922579602392113, 
            0.3155002424438339, 
            0.5336512041377082, 
            0.15820591562954583, 
            0.9673347341199289, 
            0.8484241150800066, 
            2.848925165669953, 
            1.8526911265556814
        ], 
        "low_68": [
            0.8690156780345887, 
            1.4976078875060614, 
            0.14139324389849686, 
            0.2542427670922903, 
            0.4663326329400356, 
            0.3922741231614676, 
            0.17674155487312107, 
            0.9612736382738, 
            0.41551640536609025, 
            1.6457895587522227, 
            0.01380313560691773, 
            0.2542427670922903, 
            0.0, 
            1.0811217068045902, 
            0.7118797478584128, 
            0.9319702602230484, 
            0.32251495070308717, 
            0.21380313560691774, 
            0.28621302731533865, 
            0.11380313560691774, 
            0.1750606109584613, 
            0.05370292548892841, 
            0.1380313560691773, 
            0.1380313560691773, 
            0.7276062712138355, 
            0.3346371423953451
        ]
    },