{
    "LArC": {
        "upp_68": [
            2.55, 
            0.35, 
            0.5, 
            0.25, 
            0.5, 
            0.4, 
            0.3, 
            0.0, 
            0.5, 
            0.0, 
            0.30000000000000004, 
            0.7, 
            0.15, 
            0.0, 
            0.0, 
            1.0, 
            0.7, 
            0.25, 
            0.15, 
            0.14, 
            0.15, 
            0.0, 
            0.45, 
            0.8500000000000001, 
            0.75, 
            0.15
        ], 
        "mode": [
            81.95, 
            0.9, 
            1.4, 
            1.5, 
            1.0, 
            0.7, 
            0.45, 
            1.35, 
            0.8, 
            3.0, 
            1.05, 
            2.65, 
            0.75, 
            3.3, 
            2.95, 
            1.65, 
            3.8, 
            0.95, 
            0.6499999999999999, 
            0.2, 
            0.5, 
            0.15000000000000002, 
            1.35, 
            3.9, 
            1.3, 
            0.9500000000000001
        ], 
        "low_68": [
            1.7000000000000002, 
            0.35, 
            0.45, 
            0.2, 
            0.44999999999999996, 
            0.44999999999999996, 
            0.15, 
            0.0, 
            0.44999999999999996, 
            0.0, 
            0.2, 
            0.55, 
            0.2, 
            0.0, 
            0.0, 
            1.0499999999999998, 
            0.6499999999999999, 
            0.25, 
            0.25, 
            0.10500000000000001, 
            0.15, 
            0.0, 
            0.55, 
            0.8, 
            0.6000000000000001, 
            0.2
        ]
    }, 
    "raw": {
        "upp_68": [
            2.25, 
            1.95, 
            0.75, 
            0.3, 
            0.95, 
            0.3, 
            0.3, 
            0.6, 
            1.0, 
            2.65, 
            0.3, 
            1.25, 
            0.0, 
            2.9000000000000004, 
            0.0, 
            2.2, 
            1.1, 
            0.30000000000000004, 
            0.0, 
            0.2, 
            0.0, 
            0.05, 
            0.7, 
            1.2000000000000002, 
            1.2000000000000002, 
            0.3
        ], 
        "mode": [
            103.05000000000001, 
            54.75, 
            2.05, 
            2.1500000000000004, 
            0.8, 
            1.6, 
            1.15, 
            3.25, 
            1.75, 
            4.05, 
            1.1, 
            3.25, 
            1.4, 
            4.85, 
            6.95, 
            7.550000000000001, 
            3.65, 
            1.8, 
            1.35, 
            0.35, 
            0.8500000000000001, 
            0.175, 
            1.7999999999999998, 
            3.0, 
            5.050000000000001, 
            1.15
        ], 
        "low_68": [
            2.5, 
            1.85, 
            0.7, 
            0.4, 
            0.6, 
            0.35, 
            0.25, 
            0.85, 
            0.8999999999999999, 
            3.3499999999999996, 
            0.25, 
            0.8999999999999999, 
            0.0, 
            2.55, 
            0.0, 
            2.25, 
            1.05, 
            0.35, 
            0.0, 
            0.1, 
            0.0, 
            0.05, 
            0.75, 
            1.35, 
            1.4, 
            0.35
        ]
    }, 
    "LArAC": {
        "upp_68": [
            1.15, 
            2.0, 
            0.6000000000000001, 
            0.0, 
            0.0, 
            0.25, 
            0.25, 
            1.75, 
            0.4, 
            2.55, 
            0.0, 
            0.5, 
            0.0, 
            2.35, 
            0.0, 
            1.85, 
            0.3, 
            0.25, 
            0.0, 
            0.12000000000000001, 
            0.0, 
            0.04, 
            0.3, 
            0.75, 
            1.1, 
            0.3
        ], 
        "mode": [
            19.9, 
            54.1, 
            1.0, 
            1.35, 
            1.5, 
            0.8999999999999999, 
            1.0, 
            1.85, 
            1.5499999999999998, 
            3.6, 
            0.25, 
            1.25, 
            1.05, 
            4.15, 
            4.1, 
            5.95, 
            0.9, 
            0.8, 
            1.05, 
            0.14, 
            0.65, 
            0.125, 
            1.05, 
            0.8500000000000001, 
            3.3000000000000003, 
            0.85
        ], 
        "low_68": [
            1.2000000000000002, 
            1.65, 
            0.7, 
            0.0, 
            0.0, 
            0.15, 
            0.3, 
            1.35, 
            0.6, 
            2.2, 
            0.0, 
            0.4, 
            0.0, 
            2.0, 
            0.0, 
            1.85, 
            0.3, 
            0.25, 
            0.0, 
            0.08, 
            0.0, 
            0.035, 
            0.25, 
            0.7, 
            0.85, 
            0.2
        ]
    }, 
    "energy": [
        1525, 
        1461, 
        1333, 
        1173, 
        911, 
        969, 
        965, 
        338, 
        727, 
        239, 
        2615, 
        583, 
        861, 
        295, 
        242, 
        352, 
        609, 
        1765, 
        1238, 
        2204, 
        1378, 
        2448, 
        1120, 
        511, 
        514, 
        1125
    ], 
    "isotope": [
        "42K", 
        "40K", 
        "60Co", 
        "60Co", 
        "228Ac", 
        "228Ac", 
        "228Ac", 
        "228Ac", 
        "212Bi", 
        "212Pb", 
        "208Tl", 
        "208Tl", 
        "208Tl", 
        "214Pb", 
        "214Pb", 
        "214Pb", 
        "214Bi", 
        "214Bi", 
        "214Bi", 
        "214Bi", 
        "214Bi", 
        "214Bi", 
        "214Bi", 
        "e+e-", 
        "85Kr", 
        "65Zn"
    ]
}